Div;Date;HomeTeam;AwayTeam;FTHG;FTAG;FTR;HS;AS;HST;AST;HY;AY;HR;AR
D1;05.08.11;Dortmund;Hamburg;3;1;H;16;8;5;3;1;3;0;0
D1;06.08.11;Augsburg;Freiburg;2;2;D;11;9;7;4;2;4;0;0
D1;06.08.11;FC Koln;Wolfsburg;0;3;A;7;17;1;8;0;5;1;0
D1;06.08.11;Hannover;Hoffenheim;2;1;H;7;12;4;5;2;2;0;0
D1;06.08.11;Hertha;Nurnberg;0;1;A;4;13;0;7;2;3;0;0
D1;06.08.11;Stuttgart;Schalke 04;3;0;H;12;15;6;9;1;1;0;0
D1;06.08.11;Werder Bremen;Kaiserslautern;2;0;H;19;9;5;3;1;2;0;0
D1;07.08.11;Bayern Munich;M'gladbach;0;1;A;19;7;7;3;0;1;0;0
D1;07.08.11;Mainz;Leverkusen;2;0;H;22;9;8;2;3;1;0;0
D1;13.08.11;Freiburg;Mainz;1;2;A;18;9;7;4;0;2;0;0
D1;13.08.11;Hamburg;Hertha;2;2;D;9;24;4;6;3;3;0;0
D1;13.08.11;Hoffenheim;Dortmund;1;0;H;13;15;3;4;4;1;0;0
D1;13.08.11;M'gladbach;Stuttgart;1;1;D;10;15;3;7;2;2;1;0
D1;13.08.11;Nurnberg;Hannover;1;2;A;13;4;5;3;2;3;0;0
D1;13.08.11;Schalke 04;FC Koln;5;1;H;18;6;5;2;0;3;0;0
D1;13.08.11;Wolfsburg;Bayern Munich;0;1;A;7;11;1;3;0;3;0;0
D1;14.08.11;Kaiserslautern;Augsburg;1;1;D;17;13;7;4;4;1;0;0
D1;14.08.11;Leverkusen;Werder Bremen;1;0;H;16;9;6;1;1;2;0;0
D1;19.08.11;M'gladbach;Wolfsburg;4;1;H;21;7;9;3;1;2;0;0
D1;20.08.11;Augsburg;Hoffenheim;0;2;A;12;17;4;5;1;1;0;0
D1;20.08.11;Bayern Munich;Hamburg;5;0;H;24;4;13;1;2;4;0;0
D1;20.08.11;Dortmund;Nurnberg;2;0;H;12;10;5;3;0;2;0;0
D1;20.08.11;FC Koln;Kaiserslautern;1;1;D;10;8;5;3;3;4;0;0
D1;20.08.11;Stuttgart;Leverkusen;0;1;A;11;11;0;3;1;0;1;0
D1;20.08.11;Werder Bremen;Freiburg;5;3;H;26;11;8;7;1;4;0;0
D1;21.08.11;Hannover;Hertha;1;1;D;14;10;6;4;1;6;0;0
D1;21.08.11;Mainz;Schalke 04;2;4;A;15;12;5;6;0;2;0;0
D1;26.08.11;Hertha;Stuttgart;1;0;H;16;22;5;5;0;1;0;0
D1;27.08.11;Freiburg;Wolfsburg;3;0;H;15;14;4;4;0;2;0;0
D1;27.08.11;Hamburg;FC Koln;3;4;A;15;7;6;5;1;3;0;0
D1;27.08.11;Hoffenheim;Werder Bremen;1;2;A;15;9;4;4;0;1;0;0
D1;27.08.11;Kaiserslautern;Bayern Munich;0;3;A;4;17;1;12;3;1;1;0
D1;27.08.11;Leverkusen;Dortmund;0;0;D;16;13;6;4;2;1;1;1
D1;27.08.11;Nurnberg;Augsburg;1;0;H;15;12;6;2;4;2;0;0
D1;28.08.11;Hannover;Mainz;1;1;D;19;9;8;2;2;0;0;0
D1;28.08.11;Schalke 04;M'gladbach;1;0;H;22;12;9;5;2;3;0;0
D1;09.09.11;Augsburg;Leverkusen;1;4;A;17;17;4;9;1;3;0;0
D1;10.09.11;Bayern Munich;Freiburg;7;0;H;25;3;12;1;0;0;0;0
D1;10.09.11;Dortmund;Hertha;1;2;A;25;11;6;6;1;3;0;0
D1;10.09.11;Mainz;Hoffenheim;0;4;A;13;9;2;5;0;0;0;0
D1;10.09.11;M'gladbach;Kaiserslautern;1;0;H;19;5;4;2;2;4;0;0
D1;10.09.11;Stuttgart;Hannover;3;0;H;17;9;7;5;0;1;0;0
D1;10.09.11;Werder Bremen;Hamburg;2;0;H;22;8;5;3;3;5;0;0
D1;11.09.11;FC Koln;Nurnberg;1;2;A;10;13;2;5;3;1;1;1
D1;11.09.11;Wolfsburg;Schalke 04;2;1;H;12;6;6;2;1;3;0;0
D1;16.09.11;Freiburg;Stuttgart;1;2;A;18;12;3;5;3;4;0;0
D1;17.09.11;Hamburg;M'gladbach;0;1;A;5;12;2;4;2;3;0;0
D1;17.09.11;Hertha;Augsburg;2;2;D;17;7;5;3;2;4;0;1
D1;17.09.11;Hoffenheim;Wolfsburg;3;1;H;14;10;8;6;3;1;0;1
D1;17.09.11;Kaiserslautern;Mainz;3;1;H;15;11;7;1;0;2;0;0
D1;17.09.11;Leverkusen;FC Koln;1;4;A;15;8;7;4;1;4;1;0
D1;17.09.11;Nurnberg;Werder Bremen;1;1;D;21;2;4;1;1;1;0;1
D1;18.09.11;Hannover;Dortmund;2;1;H;14;13;5;7;1;0;1;0
D1;18.09.11;Schalke 04;Bayern Munich;0;2;A;7;19;1;6;1;1;0;0
D1;23.09.11;Stuttgart;Hamburg;1;2;A;17;16;5;8;1;1;0;0
D1;24.09.11;Augsburg;Hannover;0;0;D;13;11;3;4;1;2;0;0
D1;24.09.11;Bayern Munich;Leverkusen;3;0;H;12;4;4;3;1;4;0;0
D1;24.09.11;Mainz;Dortmund;1;2;A;9;20;3;9;1;0;0;0
D1;24.09.11;M'gladbach;Nurnberg;1;0;H;21;7;9;1;1;1;0;0
D1;24.09.11;Schalke 04;Freiburg;4;2;H;16;14;7;10;1;1;0;0
D1;24.09.11;Wolfsburg;Kaiserslautern;1;0;H;6;11;3;2;1;2;1;0
D1;25.09.11;FC Koln;Hoffenheim;2;0;H;9;16;4;2;1;2;0;0
D1;25.09.11;Werder Bremen;Hertha;2;1;H;23;8;6;3;2;4;0;2
D1;30.09.11;Kaiserslautern;Stuttgart;0;2;A;22;11;3;5;2;1;0;0
D1;01.10.11;Dortmund;Augsburg;4;0;H;19;8;9;3;2;2;0;0
D1;01.10.11;Freiburg;M'gladbach;1;0;H;8;19;3;6;2;2;0;0
D1;01.10.11;Hertha;FC Koln;3;0;H;10;4;3;2;2;2;0;0
D1;01.10.11;Hoffenheim;Bayern Munich;0;0;D;17;5;5;2;1;4;0;0
D1;01.10.11;Leverkusen;Wolfsburg;3;1;H;20;7;9;1;1;2;0;0
D1;01.10.11;Nurnberg;Mainz;3;3;D;9;16;5;7;2;0;0;0
D1;02.10.11;Hamburg;Schalke 04;1;2;A;17;9;6;4;3;1;0;0
D1;02.10.11;Hannover;Werder Bremen;3;2;H;13;17;5;3;5;3;0;1
D1;14.10.11;Werder Bremen;Dortmund;0;2;A;24;9;5;5;1;1;0;1
D1;15.10.11;Bayern Munich;Hertha;4;0;H;19;3;8;0;0;1;0;0
D1;15.10.11;Mainz;Augsburg;0;1;A;18;10;5;6;3;2;0;0
D1;15.10.11;M'gladbach;Leverkusen;2;2;D;23;7;8;4;2;4;0;1
D1;15.10.11;Schalke 04;Kaiserslautern;1;2;A;14;14;4;6;3;3;1;1
D1;15.10.11;Stuttgart;Hoffenheim;2;0;H;14;15;7;5;3;1;0;0
D1;15.10.11;Wolfsburg;Nurnberg;2;1;H;12;12;5;6;2;2;0;0
D1;16.10.11;FC Koln;Hannover;2;0;H;10;12;3;6;3;4;0;0
D1;16.10.11;Freiburg;Hamburg;1;2;A;18;11;6;4;1;3;0;0
D1;21.10.11;Augsburg;Werder Bremen;1;1;D;10;22;3;7;3;2;0;0
D1;22.10.11;Dortmund;FC Koln;5;0;H;24;2;9;1;2;2;0;0
D1;22.10.11;Hamburg;Wolfsburg;1;1;D;19;8;7;4;2;1;0;0
D1;22.10.11;Hertha;Mainz;0;0;D;8;13;1;3;1;3;0;0
D1;22.10.11;Hoffenheim;M'gladbach;1;0;H;14;7;5;1;1;3;0;0
D1;22.10.11;Kaiserslautern;Freiburg;1;0;H;12;9;5;3;0;4;0;0
D1;22.10.11;Nurnberg;Stuttgart;2;2;D;17;13;7;2;1;2;0;0
D1;23.10.11;Hannover;Bayern Munich;2;1;H;12;19;3;8;4;1;1;1
D1;23.10.11;Leverkusen;Schalke 04;0;1;A;13;18;4;6;1;3;0;0
D1;28.10.11;Freiburg;Leverkusen;0;1;A;21;11;8;3;1;0;0;0
D1;29.10.11;Bayern Munich;Nurnberg;4;0;H;13;4;5;2;1;2;0;0
D1;29.10.11;Mainz;Werder Bremen;1;3;A;16;13;6;5;2;4;0;0
D1;29.10.11;M'gladbach;Hannover;2;1;H;18;14;8;2;0;3;0;0
D1;29.10.11;Schalke 04;Hoffenheim;3;1;H;16;11;10;2;1;2;0;0
D1;29.10.11;Stuttgart;Dortmund;1;1;D;12;15;6;6;3;2;0;0
D1;29.10.11;Wolfsburg;Hertha;2;3;A;17;12;5;7;3;2;0;0
D1;30.10.11;FC Koln;Augsburg;3;0;H;5;15;3;5;1;2;0;1
D1;30.10.11;Hamburg;Kaiserslautern;1;1;D;16;11;5;5;2;2;1;0
D1;04.11.11;Mainz;Stuttgart;3;1;H;15;18;9;7;2;3;1;1
D1;05.11.11;Dortmund;Wolfsburg;5;1;H;21;6;11;3;1;4;0;0
D1;05.11.11;Hertha;M'gladbach;1;2;A;11;12;3;5;0;2;0;0
D1;05.11.11;Hoffenheim;Kaiserslautern;1;1;D;11;19;3;3;5;1;0;0
D1;05.11.11;Leverkusen;Hamburg;2;2;D;15;14;5;3;2;1;0;0
D1;05.11.11;Nurnberg;Freiburg;1;2;A;12;10;4;3;4;1;0;0
D1;05.11.11;Werder Bremen;FC Koln;3;2;H;29;5;7;4;3;3;0;1
D1;06.11.11;Augsburg;Bayern Munich;1;2;A;10;14;2;5;1;2;0;1
D1;06.11.11;Hannover;Schalke 04;2;2;D;16;13;2;7;2;4;0;0
D1;18.11.11;Kaiserslautern;Leverkusen;0;2;A;13;14;3;8;1;1;0;0
D1;19.11.11;Bayern Munich;Dortmund;0;1;A;16;8;3;2;2;1;0;0
D1;19.11.11;Freiburg;Hertha;2;2;D;13;14;6;7;2;5;0;0
D1;19.11.11;M'gladbach;Werder Bremen;5;0;H;16;10;9;2;0;0;0;1
D1;19.11.11;Schalke 04;Nurnberg;4;0;H;11;14;7;4;2;3;0;0
D1;19.11.11;Wolfsburg;Hannover;4;1;H;14;7;8;2;1;2;0;1
D1;20.11.11;Hamburg;Hoffenheim;2;0;H;18;19;7;8;0;3;0;0
D1;20.11.11;Stuttgart;Augsburg;2;1;H;11;15;5;6;2;3;0;0
D1;25.11.11;FC Koln;M'gladbach;0;3;A;5;15;2;7;1;1;0;0
D1;26.11.11;Augsburg;Wolfsburg;2;0;H;14;7;5;0;3;3;0;0
D1;26.11.11;Dortmund;Schalke 04;2;0;H;16;3;8;1;1;4;0;0
D1;26.11.11;Hannover;Hamburg;1;1;D;11;18;9;7;2;2;0;0
D1;26.11.11;Hertha;Leverkusen;3;3;D;10;18;6;8;1;2;0;0
D1;26.11.11;Hoffenheim;Freiburg;1;1;D;15;14;3;7;2;3;0;0
D1;26.11.11;Nurnberg;Kaiserslautern;1;0;H;13;6;6;1;4;1;0;0
D1;27.11.11;Mainz;Bayern Munich;3;2;H;17;13;7;8;3;2;0;0
D1;27.11.11;Werder Bremen;Stuttgart;2;0;H;14;14;6;5;1;4;0;0
D1;02.12.11;Leverkusen;Hoffenheim;2;0;H;12;6;5;1;2;2;0;0
D1;03.12.11;Bayern Munich;Werder Bremen;4;1;H;14;7;4;4;1;2;0;1
D1;03.12.11;Freiburg;Hannover;1;1;D;15;12;5;4;1;2;0;0
D1;03.12.11;Kaiserslautern;Hertha;1;1;D;21;6;4;3;3;1;0;0
D1;03.12.11;M'gladbach;Dortmund;1;1;D;13;11;3;4;0;2;0;0
D1;03.12.11;Stuttgart;FC Koln;2;2;D;18;10;8;4;3;4;0;0
D1;03.12.11;Wolfsburg;Mainz;2;2;D;6;11;4;2;2;1;1;0
D1;04.12.11;Hamburg;Nurnberg;2;0;H;7;16;3;3;3;1;0;0
D1;04.12.11;Schalke 04;Augsburg;3;1;H;19;11;11;2;1;2;0;0
D1;09.12.11;Hertha;Schalke 04;1;2;A;15;11;4;4;0;1;0;0
D1;10.12.11;Augsburg;M'gladbach;1;0;H;11;13;5;5;3;2;0;0
D1;10.12.11;FC Koln;Freiburg;4;0;H;14;11;6;5;1;2;0;0
D1;10.12.11;Hannover;Leverkusen;0;0;D;17;12;4;4;0;2;0;0
D1;10.12.11;Mainz;Hamburg;0;0;D;12;8;5;5;1;0;0;0
D1;10.12.11;Nurnberg;Hoffenheim;0;2;A;8;15;3;6;3;3;1;1
D1;10.12.11;Werder Bremen;Wolfsburg;4;1;H;20;17;11;6;1;3;0;0
D1;11.12.11;Dortmund;Kaiserslautern;1;1;D;23;12;5;3;1;2;0;0
D1;11.12.11;Stuttgart;Bayern Munich;1;2;A;6;18;2;5;3;4;1;0
D1;13.12.11;FC Koln;Mainz;1;1;D;12;12;3;2;2;4;0;0
D1;16.12.11;Bayern Munich;FC Koln;3;0;H;17;4;5;1;0;4;1;0
D1;17.12.11;Freiburg;Dortmund;1;4;A;14;11;3;5;1;1;0;0
D1;17.12.11;Hamburg;Augsburg;1;1;D;23;11;12;6;1;0;0;0
D1;17.12.11;Hoffenheim;Hertha;1;1;D;16;9;5;1;4;1;1;1
D1;17.12.11;Leverkusen;Nurnberg;0;3;A;13;11;6;4;0;1;0;0
D1;17.12.11;Schalke 04;Werder Bremen;5;0;H;15;10;8;1;2;2;0;0
D1;17.12.11;Wolfsburg;Stuttgart;1;0;H;19;12;7;5;3;2;0;0
D1;18.12.11;Kaiserslautern;Hannover;1;1;D;19;8;7;1;1;2;1;0
D1;18.12.11;M'gladbach;Mainz;1;0;H;6;12;3;5;3;3;0;0
D1;20.01.12;M'gladbach;Bayern Munich;3;1;H;9;17;5;7;1;0;0;0
D1;21.01.12;Freiburg;Augsburg;1;0;H;15;4;6;1;1;3;0;0
D1;21.01.12;Hoffenheim;Hannover;0;0;D;10;9;3;1;1;1;0;0
D1;21.01.12;Kaiserslautern;Werder Bremen;0;0;D;19;14;5;6;2;3;0;0
D1;21.01.12;Nurnberg;Hertha;2;0;H;10;12;5;2;1;2;0;0
D1;21.01.12;Schalke 04;Stuttgart;3;1;H;14;13;7;6;1;1;0;0
D1;21.01.12;Wolfsburg;FC Koln;1;0;H;18;10;6;2;1;2;0;0
D1;22.01.12;Hamburg;Dortmund;1;5;A;9;22;3;9;1;0;0;0
D1;22.01.12;Leverkusen;Mainz;3;2;H;9;17;2;6;1;0;0;0
D1;27.01.12;Hannover;Nurnberg;1;0;H;13;10;3;1;3;2;0;0
D1;28.01.12;Augsburg;Kaiserslautern;2;2;D;15;15;5;8;2;4;0;0
D1;28.01.12;Bayern Munich;Wolfsburg;2;0;H;9;8;7;0;1;2;0;0
D1;28.01.12;Dortmund;Hoffenheim;3;1;H;18;8;9;5;1;4;0;0
D1;28.01.12;FC Koln;Schalke 04;1;4;A;8;14;3;5;1;2;1;0
D1;28.01.12;Hertha;Hamburg;1;2;A;18;13;3;5;3;1;0;0
D1;28.01.12;Werder Bremen;Leverkusen;1;1;D;16;13;4;7;3;2;0;0
D1;29.01.12;Mainz;Freiburg;3;1;H;18;5;10;1;2;2;0;1
D1;29.01.12;Stuttgart;M'gladbach;0;3;A;14;18;5;8;0;1;0;0
D1;03.02.12;Nurnberg;Dortmund;0;2;A;12;11;3;6;1;0;0;0
D1;04.02.12;Hamburg;Bayern Munich;1;1;D;13;22;1;8;2;2;0;0
D1;04.02.12;Hertha;Hannover;0;1;A;15;9;3;4;0;2;1;0
D1;04.02.12;Hoffenheim;Augsburg;2;2;D;13;11;4;5;4;2;0;0
D1;04.02.12;Leverkusen;Stuttgart;2;2;D;13;14;6;4;1;6;1;1
D1;04.02.12;Schalke 04;Mainz;1;1;D;10;15;2;2;2;2;0;0
D1;04.02.12;Wolfsburg;M'gladbach;0;0;D;11;5;2;0;1;1;0;0
D1;05.02.12;Freiburg;Werder Bremen;2;2;D;18;8;6;2;2;2;0;0
D1;05.02.12;Kaiserslautern;FC Koln;0;1;A;6;18;3;4;2;0;1;0
D1;10.02.12;Wolfsburg;Freiburg;3;2;H;15;8;8;2;2;1;0;0
D1;11.02.12;Bayern Munich;Kaiserslautern;2;0;H;18;5;10;1;1;2;0;0
D1;11.02.12;Dortmund;Leverkusen;1;0;H;14;3;5;1;0;0;0;0
D1;11.02.12;Mainz;Hannover;1;1;D;13;15;4;7;3;3;0;0
D1;11.02.12;M'gladbach;Schalke 04;3;0;H;10;10;4;1;1;3;0;0
D1;11.02.12;Stuttgart;Hertha;5;0;H;19;4;12;0;1;1;0;1
D1;11.02.12;Werder Bremen;Hoffenheim;1;1;D;14;11;4;6;3;4;0;0
D1;12.02.12;Augsburg;Nurnberg;0;0;D;9;12;1;4;2;4;0;0
D1;12.02.12;FC Koln;Hamburg;0;1;A;10;19;2;4;3;1;0;0
D1;17.02.12;Hoffenheim;Mainz;1;1;D;16;7;2;3;1;1;0;0
D1;18.02.12;Freiburg;Bayern Munich;0;0;D;13;9;2;2;2;1;0;0
D1;18.02.12;Hamburg;Werder Bremen;1;3;A;18;13;6;9;1;3;0;0
D1;18.02.12;Hertha;Dortmund;0;1;A;6;14;2;6;0;0;0;0
D1;18.02.12;Kaiserslautern;M'gladbach;1;2;A;14;8;6;2;3;1;0;0
D1;18.02.12;Leverkusen;Augsburg;4;1;H;12;6;9;3;0;4;0;0
D1;18.02.12;Nurnberg;FC Koln;2;1;H;19;7;3;5;3;3;0;0
D1;19.02.12;Hannover;Stuttgart;4;2;H;21;11;6;6;0;0;0;0
D1;19.02.12;Schalke 04;Wolfsburg;4;0;H;13;13;9;6;1;1;0;0
D1;24.02.12;M'gladbach;Hamburg;1;1;D;9;11;5;5;1;3;0;0
D1;25.02.12;Augsburg;Hertha;3;0;H;11;7;5;1;0;4;0;0
D1;25.02.12;FC Koln;Leverkusen;0;2;A;11;22;4;7;1;0;0;0
D1;25.02.12;Mainz;Kaiserslautern;4;0;H;11;6;8;2;1;3;0;0
D1;25.02.12;Stuttgart;Freiburg;4;1;H;17;10;8;3;0;0;0;0
D1;25.02.12;Werder Bremen;Nurnberg;0;1;A;20;11;5;5;3;3;0;0
D1;25.02.12;Wolfsburg;Hoffenheim;1;2;A;13;14;5;7;2;1;0;0
D1;26.02.12;Bayern Munich;Schalke 04;2;0;H;23;12;7;4;1;2;0;0
D1;26.02.12;Dortmund;Hannover;3;1;H;21;7;6;2;3;4;0;0
D1;03.03.12;Dortmund;Mainz;2;1;H;18;5;5;3;0;0;0;0
D1;03.03.12;Freiburg;Schalke 04;2;1;H;11;15;2;4;2;1;0;1
D1;03.03.12;Hamburg;Stuttgart;0;4;A;9;15;3;8;1;3;1;0
D1;03.03.12;Hannover;Augsburg;2;2;D;12;15;3;7;1;3;1;0
D1;03.03.12;Hertha;Werder Bremen;1;0;H;5;17;2;3;2;1;0;0
D1;03.03.12;Kaiserslautern;Wolfsburg;0;0;D;12;15;5;6;2;1;0;0
D1;03.03.12;Leverkusen;Bayern Munich;2;0;H;15;15;8;5;2;3;0;0
D1;04.03.12;Hoffenheim;FC Koln;1;1;D;23;9;7;3;3;2;0;0
D1;04.03.12;Nurnberg;M'gladbach;1;0;H;16;8;4;4;1;1;0;0
D1;09.03.12;Stuttgart;Kaiserslautern;0;0;D;22;7;9;1;0;0;0;0
D1;10.03.12;Augsburg;Dortmund;0;0;D;4;14;2;3;2;2;0;0
D1;10.03.12;Bayern Munich;Hoffenheim;7;1;H;19;4;10;0;0;1;0;0
D1;10.03.12;FC Koln;Hertha;1;0;H;16;14;5;7;2;3;2;1
D1;10.03.12;Mainz;Nurnberg;2;1;H;13;15;3;2;0;5;1;0
D1;10.03.12;M'gladbach;Freiburg;0;0;D;13;6;3;3;2;1;0;0
D1;10.03.12;Wolfsburg;Leverkusen;3;2;H;11;7;6;4;5;1;0;0
D1;11.03.12;Schalke 04;Hamburg;3;1;H;11;20;7;5;3;4;0;0
D1;11.03.12;Werder Bremen;Hannover;3;0;H;10;14;7;4;0;4;0;0
D1;16.03.12;Hoffenheim;Stuttgart;1;2;A;18;12;5;8;1;2;0;0
D1;17.03.12;Augsburg;Mainz;2;1;H;10;10;5;3;2;2;0;0
D1;17.03.12;Dortmund;Werder Bremen;1;0;H;18;4;5;2;1;3;0;0
D1;17.03.12;Hamburg;Freiburg;1;3;A;15;12;6;5;0;3;0;0
D1;17.03.12;Hertha;Bayern Munich;0;6;A;7;15;2;7;3;1;0;0
D1;17.03.12;Leverkusen;M'gladbach;1;2;A;22;11;5;7;2;2;0;0
D1;17.03.12;Nurnberg;Wolfsburg;1;3;A;5;10;1;4;0;1;0;0
D1;18.03.12;Hannover;FC Koln;4;1;H;18;14;10;7;0;1;0;0
D1;18.03.12;Kaiserslautern;Schalke 04;1;4;A;10;19;3;5;0;0;0;0
D1;23.03.12;Wolfsburg;Hamburg;2;1;H;15;6;4;1;4;2;0;0
D1;24.03.12;Bayern Munich;Hannover;2;1;H;12;8;6;2;1;2;0;0
D1;24.03.12;Freiburg;Kaiserslautern;2;0;H;10;4;3;4;2;1;0;0
D1;24.03.12;Mainz;Hertha;1;3;A;15;13;4;6;1;1;0;0
D1;24.03.12;M'gladbach;Hoffenheim;1;2;A;12;13;3;3;3;3;0;0
D1;24.03.12;Schalke 04;Leverkusen;2;0;H;17;8;6;2;1;2;0;0
D1;24.03.12;Werder Bremen;Augsburg;1;1;D;17;15;5;6;3;3;0;0
D1;25.03.12;FC Koln;Dortmund;1;6;A;5;15;3;9;1;0;0;0
D1;25.03.12;Stuttgart;Nurnberg;1;0;H;8;17;2;3;2;2;0;0
D1;30.03.12;Dortmund;Stuttgart;4;4;D;27;11;10;4;2;1;0;0
D1;31.03.12;Augsburg;FC Koln;2;1;H;14;4;8;3;1;4;0;0
D1;31.03.12;Hertha;Wolfsburg;1;4;A;13;13;6;6;1;0;0;0
D1;31.03.12;Kaiserslautern;Hamburg;0;1;A;18;12;6;5;4;2;0;0
D1;31.03.12;Leverkusen;Freiburg;0;2;A;11;8;4;4;1;4;0;0
D1;31.03.12;Nurnberg;Bayern Munich;0;1;A;6;12;3;4;2;2;0;0
D1;31.03.12;Werder Bremen;Mainz;0;3;A;19;9;7;5;1;2;0;0
D1;01.04.12;Hannover;M'gladbach;2;1;H;12;14;3;6;0;1;0;0
D1;01.04.12;Hoffenheim;Schalke 04;1;1;D;15;19;5;7;2;4;0;0
D1;07.04.12;Bayern Munich;Augsburg;2;1;H;18;7;5;3;1;0;0;0
D1;07.04.12;FC Koln;Werder Bremen;1;1;D;13;7;4;1;3;2;0;0
D1;07.04.12;Freiburg;Nurnberg;2;2;D;12;14;3;5;3;4;0;0
D1;07.04.12;Kaiserslautern;Hoffenheim;1;2;A;14;13;5;5;3;2;0;0
D1;07.04.12;M'gladbach;Hertha;0;0;D;12;6;3;5;0;1;0;0
D1;07.04.12;Stuttgart;Mainz;4;1;H;10;14;6;3;1;1;0;0
D1;07.04.12;Wolfsburg;Dortmund;1;3;A;11;11;6;4;1;2;1;0
D1;08.04.12;Hamburg;Leverkusen;1;1;D;18;15;4;9;2;2;0;0
D1;08.04.12;Schalke 04;Hannover;3;0;H;16;4;10;0;0;1;0;0
D1;10.04.12;Augsburg;Stuttgart;1;3;A;20;14;2;9;2;3;0;0
D1;10.04.12;Hertha;Freiburg;1;2;A;12;10;4;5;4;1;0;0
D1;10.04.12;Mainz;FC Koln;4;0;H;7;3;4;0;2;0;0;0
D1;10.04.12;Werder Bremen;M'gladbach;2;2;D;14;23;6;7;0;4;1;0
D1;11.04.12;Dortmund;Bayern Munich;1;0;H;13;7;6;4;0;0;0;0
D1;11.04.12;Hannover;Wolfsburg;2;0;H;7;13;3;5;0;1;0;0
D1;11.04.12;Hoffenheim;Hamburg;4;0;H;11;11;6;6;2;3;0;0
D1;11.04.12;Leverkusen;Kaiserslautern;3;1;H;15;16;8;4;0;1;0;0
D1;11.04.12;Nurnberg;Schalke 04;4;1;H;12;6;4;1;1;3;0;0
D1;13.04.12;Stuttgart;Werder Bremen;4;1;H;18;9;8;3;1;3;0;0
D1;14.04.12;Bayern Munich;Mainz;0;0;D;14;5;2;0;1;1;0;0
D1;14.04.12;Hamburg;Hannover;1;0;H;15;7;8;1;2;2;0;0
D1;14.04.12;Kaiserslautern;Nurnberg;0;2;A;15;11;4;3;3;3;0;0
D1;14.04.12;Leverkusen;Hertha;3;3;D;17;17;7;8;1;1;0;1
D1;14.04.12;Schalke 04;Dortmund;1;2;A;16;14;4;6;3;2;0;0
D1;14.04.12;Wolfsburg;Augsburg;1;2;A;23;9;10;4;3;2;0;0
D1;15.04.12;Freiburg;Hoffenheim;0;0;D;10;7;2;0;1;1;0;0
D1;15.04.12;M'gladbach;FC Koln;3;0;H;16;8;8;1;1;2;0;0
D1;20.04.12;Mainz;Wolfsburg;0;0;D;15;11;8;3;0;1;0;0
D1;21.04.12;Dortmund;M'gladbach;2;0;H;18;4;8;1;1;1;0;0
D1;21.04.12;FC Koln;Stuttgart;1;1;D;19;11;4;4;0;2;0;0
D1;21.04.12;Hertha;Kaiserslautern;1;2;A;11;15;4;8;1;2;1;0
D1;21.04.12;Hoffenheim;Leverkusen;0;1;A;15;10;3;4;1;0;0;0
D1;21.04.12;Nurnberg;Hamburg;1;1;D;13;7;6;4;0;1;0;0
D1;21.04.12;Werder Bremen;Bayern Munich;1;2;A;16;15;4;6;0;0;0;0
D1;22.04.12;Augsburg;Schalke 04;1;1;D;15;5;6;2;4;3;0;0
D1;22.04.12;Hannover;Freiburg;0;0;D;17;11;5;3;1;1;0;0
D1;28.04.12;Bayern Munich;Stuttgart;2;0;H;15;9;6;5;1;1;0;0
D1;28.04.12;Freiburg;FC Koln;4;1;H;17;9;8;4;0;1;0;0
D1;28.04.12;Hamburg;Mainz;0;0;D;15;12;5;5;0;1;0;0
D1;28.04.12;Hoffenheim;Nurnberg;2;3;A;16;15;7;7;1;1;0;0
D1;28.04.12;Kaiserslautern;Dortmund;2;5;A;10;17;5;6;1;1;0;0
D1;28.04.12;Leverkusen;Hannover;1;0;H;13;10;4;2;1;0;0;0
D1;28.04.12;M'gladbach;Augsburg;0;0;D;12;8;5;1;0;2;0;0
D1;28.04.12;Schalke 04;Hertha;4;0;H;23;7;6;3;1;1;0;0
D1;28.04.12;Wolfsburg;Werder Bremen;3;1;H;13;11;10;6;2;3;0;0
D1;05.05.12;Augsburg;Hamburg;1;0;H;14;11;3;3;2;2;0;0
D1;05.05.12;Dortmund;Freiburg;4;0;H;14;8;6;2;0;1;0;0
D1;05.05.12;FC Koln;Bayern Munich;1;4;A;7;15;2;6;1;1;0;0
D1;05.05.12;Hannover;Kaiserslautern;2;1;H;25;11;6;4;2;1;0;0
D1;05.05.12;Hertha;Hoffenheim;3;1;H;16;10;7;3;2;2;0;1
D1;05.05.12;Mainz;M'gladbach;0;3;A;5;11;1;5;0;0;0;0
D1;05.05.12;Nurnberg;Leverkusen;1;4;A;12;4;5;4;2;2;0;0
D1;05.05.12;Stuttgart;Wolfsburg;3;2;H;15;13;5;3;2;0;0;0
D1;05.05.12;Werder Bremen;Schalke 04;2;3;A;19;16;4;5;2;1;0;0