Div;Date;HomeTeam;AwayTeam;FTHG;FTAG;FTR;HS;AS;HST;AST;HY;AY;HR;AR
D1;14.08.15;Bayern Munich;Hamburg;5;0;H;23;5;9;1;2;2;0;0
D1;15.08.15;Augsburg;Hertha;0;1;A;20;11;3;4;1;2;1;1
D1;15.08.15;Darmstadt;Hannover;2;2;D;11;14;4;5;1;2;0;0
D1;15.08.15;Dortmund;M'gladbach;4;0;H;17;5;7;1;0;1;0;0
D1;15.08.15;Leverkusen;Hoffenheim;2;1;H;25;6;9;2;1;0;0;0
D1;15.08.15;Mainz;Ingolstadt;0;1;A;9;14;3;5;2;3;0;0
D1;15.08.15;Werder Bremen;Schalke 04;0;3;A;15;16;2;5;0;2;0;0
D1;16.08.15;Stuttgart;FC Koln;1;3;A;28;9;8;5;3;2;0;0
D1;16.08.15;Wolfsburg;Ein Frankfurt;2;1;H;5;13;3;6;1;1;0;0
D1;21.08.15;Hertha;Werder Bremen;1;1;D;10;9;2;3;0;1;0;0
D1;22.08.15;Ein Frankfurt;Augsburg;1;1;D;11;14;3;4;2;3;0;0
D1;22.08.15;FC Koln;Wolfsburg;1;1;D;9;15;6;7;2;1;0;0
D1;22.08.15;Hamburg;Stuttgart;3;2;H;14;12;5;4;3;3;0;1
D1;22.08.15;Hannover;Leverkusen;0;1;A;6;11;3;4;0;0;0;0
D1;22.08.15;Hoffenheim;Bayern Munich;1;2;A;2;5;1;2;0;0;0;0
D1;22.08.15;Schalke 04;Darmstadt;1;1;D;21;9;5;3;1;2;0;0
D1;23.08.15;Ingolstadt;Dortmund;0;4;A;3;18;2;8;2;3;0;0
D1;23.08.15;M'gladbach;Mainz;1;2;A;15;13;6;4;2;1;0;0
D1;28.08.15;Wolfsburg;Schalke 04;3;0;H;9;12;5;1;1;2;0;0
D1;29.08.15;Augsburg;Ingolstadt;0;1;A;10;16;2;3;3;3;0;0
D1;29.08.15;Bayern Munich;Leverkusen;3;0;H;14;10;6;4;2;3;0;0
D1;29.08.15;Darmstadt;Hoffenheim;0;0;D;5;15;1;2;3;2;0;0
D1;29.08.15;FC Koln;Hamburg;2;1;H;6;17;3;7;3;2;0;1
D1;29.08.15;Mainz;Hannover;3;0;H;18;11;6;4;0;2;0;0
D1;29.08.15;Stuttgart;Ein Frankfurt;1;4;A;15;6;4;4;3;3;1;0
D1;30.08.15;Dortmund;Hertha;3;1;H;15;4;6;4;0;2;0;0
D1;30.08.15;Werder Bremen;M'gladbach;2;1;H;22;9;6;5;3;1;0;1
D1;11.09.15;M'gladbach;Hamburg;0;3;A;13;10;2;4;2;1;0;0
D1;12.09.15;Bayern Munich;Augsburg;2;1;H;27;4;10;1;0;1;0;0
D1;12.09.15;Ein Frankfurt;FC Koln;6;2;H;18;13;11;7;2;1;0;0
D1;12.09.15;Hannover;Dortmund;2;4;A;5;17;3;6;3;1;0;0
D1;12.09.15;Hertha;Stuttgart;2;1;H;9;11;4;3;0;3;0;0
D1;12.09.15;Ingolstadt;Wolfsburg;0;0;D;5;17;1;3;2;3;0;0
D1;12.09.15;Leverkusen;Darmstadt;0;1;A;16;5;4;3;3;1;0;0
D1;13.09.15;Hoffenheim;Werder Bremen;1;3;A;10;16;5;6;2;4;0;0
D1;13.09.15;Schalke 04;Mainz;2;1;H;24;15;7;4;1;3;0;0
D1;18.09.15;Mainz;Hoffenheim;3;1;H;12;13;4;4;1;2;0;0
D1;19.09.15;Darmstadt;Bayern Munich;0;3;A;5;18;2;6;2;1;0;0
D1;19.09.15;FC Koln;M'gladbach;1;0;H;11;9;5;2;0;3;0;0
D1;19.09.15;Hamburg;Ein Frankfurt;0;0;D;11;7;2;4;0;4;0;0
D1;19.09.15;Werder Bremen;Ingolstadt;0;1;A;13;13;4;4;3;4;1;0
D1;19.09.15;Wolfsburg;Hertha;2;0;H;14;9;4;4;1;2;0;0
D1;20.09.15;Augsburg;Hannover;2;0;H;17;16;8;2;1;4;0;0
D1;20.09.15;Dortmund;Leverkusen;3;0;H;22;8;10;3;1;3;0;0
D1;20.09.15;Stuttgart;Schalke 04;0;1;A;26;10;9;6;3;3;0;0
D1;22.09.15;Bayern Munich;Wolfsburg;5;1;H;17;7;12;2;1;2;0;0
D1;22.09.15;Darmstadt;Werder Bremen;2;1;H;9;12;3;4;3;1;0;1
D1;22.09.15;Hertha;FC Koln;2;0;H;17;13;8;7;1;1;0;0
D1;22.09.15;Ingolstadt;Hamburg;0;1;A;12;8;1;3;2;1;0;0
D1;23.09.15;Hannover;Stuttgart;1;3;A;8;19;3;12;3;3;0;0
D1;23.09.15;Hoffenheim;Dortmund;1;1;D;10;14;5;4;2;1;0;0
D1;23.09.15;Leverkusen;Mainz;1;0;H;20;3;6;2;3;0;0;0
D1;23.09.15;M'gladbach;Augsburg;4;2;H;21;13;12;4;2;5;0;0
D1;23.09.15;Schalke 04;Ein Frankfurt;2;0;H;13;18;7;6;2;2;0;0
D1;25.09.15;FC Koln;Ingolstadt;1;1;D;15;16;4;5;2;3;0;0
D1;26.09.15;Augsburg;Hoffenheim;1;3;A;26;11;9;5;1;4;0;0
D1;26.09.15;Hamburg;Schalke 04;0;1;A;13;10;4;5;1;3;0;0
D1;26.09.15;Mainz;Bayern Munich;0;3;A;6;17;1;9;1;1;0;0
D1;26.09.15;Stuttgart;M'gladbach;1;3;A;22;9;6;5;4;1;0;0
D1;26.09.15;Werder Bremen;Leverkusen;0;3;A;9;17;0;7;1;2;0;0
D1;26.09.15;Wolfsburg;Hannover;1;1;D;22;8;9;3;2;2;0;0
D1;27.09.15;Dortmund;Darmstadt;2;2;D;16;4;4;3;0;2;0;0
D1;27.09.15;Ein Frankfurt;Hertha;1;1;D;11;14;2;6;2;1;0;0
D1;02.10.15;Darmstadt;Mainz;2;3;A;14;14;4;7;1;2;0;0
D1;03.10.15;Hannover;Werder Bremen;1;0;H;12;19;5;6;4;1;0;0
D1;03.10.15;Hertha;Hamburg;3;0;H;13;8;6;2;1;1;0;0
D1;03.10.15;Hoffenheim;Stuttgart;2;2;D;11;18;4;7;3;1;0;0
D1;03.10.15;Ingolstadt;Ein Frankfurt;2;0;H;14;12;4;2;1;2;0;0
D1;03.10.15;M'gladbach;Wolfsburg;2;0;H;10;10;3;3;2;3;0;0
D1;04.10.15;Bayern Munich;Dortmund;5;1;H;14;10;9;4;3;1;0;0
D1;04.10.15;Leverkusen;Augsburg;1;1;D;22;3;8;0;2;3;0;0
D1;04.10.15;Schalke 04;FC Koln;0;3;A;17;12;7;4;2;2;0;0
D1;16.10.15;Mainz;Dortmund;0;2;A;11;16;5;6;2;1;0;0
D1;17.10.15;Augsburg;Darmstadt;0;2;A;20;12;3;5;2;3;0;0
D1;17.10.15;Ein Frankfurt;M'gladbach;1;5;A;7;16;2;6;4;3;0;0
D1;17.10.15;Hamburg;Leverkusen;0;0;D;8;10;3;3;6;2;0;0
D1;17.10.15;Schalke 04;Hertha;2;1;H;19;9;9;5;3;4;0;1
D1;17.10.15;Werder Bremen;Bayern Munich;0;1;A;8;13;2;4;2;2;0;0
D1;17.10.15;Wolfsburg;Hoffenheim;4;2;H;16;7;9;3;4;0;0;0
D1;18.10.15;FC Koln;Hannover;0;1;A;16;8;5;4;3;2;0;0
D1;18.10.15;Stuttgart;Ingolstadt;1;0;H;12;11;4;6;3;1;1;0
D1;23.10.15;Hoffenheim;Hamburg;0;1;A;12;20;3;5;2;4;1;0
D1;24.10.15;Bayern Munich;FC Koln;4;0;H;26;4;14;2;1;1;0;0
D1;24.10.15;Darmstadt;Wolfsburg;0;1;A;9;19;3;6;2;1;0;0
D1;24.10.15;Hannover;Ein Frankfurt;1;2;A;10;5;4;4;1;4;0;0
D1;24.10.15;Ingolstadt;Hertha;0;1;A;18;5;3;1;2;3;0;0
D1;24.10.15;Leverkusen;Stuttgart;4;3;H;19;12;6;6;2;4;0;0
D1;24.10.15;Mainz;Werder Bremen;1;3;A;16;14;5;8;2;1;0;0
D1;25.10.15;Dortmund;Augsburg;5;1;H;19;4;9;3;0;2;0;0
D1;25.10.15;M'gladbach;Schalke 04;3;1;H;16;13;10;5;2;3;0;1
D1;30.10.15;Ein Frankfurt;Bayern Munich;0;0;D;8;10;2;2;4;2;0;0
D1;31.10.15;Augsburg;Mainz;3;3;D;25;10;10;6;3;3;0;0
D1;31.10.15;FC Koln;Hoffenheim;0;0;D;13;10;4;4;2;1;0;0
D1;31.10.15;Hertha;M'gladbach;1;4;A;14;11;6;7;2;1;0;0
D1;31.10.15;Schalke 04;Ingolstadt;1;1;D;18;7;3;2;1;2;0;0
D1;31.10.15;Werder Bremen;Dortmund;1;3;A;8;11;2;6;3;0;0;0
D1;31.10.15;Wolfsburg;Leverkusen;2;1;H;13;15;5;6;0;2;0;0
D1;01.11.15;Hamburg;Hannover;1;2;A;17;5;4;2;0;0;0;0
D1;01.11.15;Stuttgart;Darmstadt;2;0;H;18;17;3;5;3;2;0;0
D1;06.11.15;Hannover;Hertha;1;3;A;7;12;2;4;2;3;0;0
D1;07.11.15;Bayern Munich;Stuttgart;4;0;H;33;5;14;2;0;0;0;0
D1;07.11.15;Darmstadt;Hamburg;1;1;D;15;8;3;3;4;2;0;0
D1;07.11.15;Hoffenheim;Ein Frankfurt;0;0;D;8;17;2;9;1;3;0;0
D1;07.11.15;Leverkusen;FC Koln;1;2;A;12;17;4;8;1;2;1;0
D1;07.11.15;Mainz;Wolfsburg;2;0;H;12;8;5;0;2;3;0;1
D1;07.11.15;M'gladbach;Ingolstadt;0;0;D;11;14;5;2;1;6;1;0
D1;08.11.15;Augsburg;Werder Bremen;1;2;A;18;15;6;4;1;4;0;0
D1;08.11.15;Dortmund;Schalke 04;3;2;H;14;9;7;3;3;4;0;0
D1;20.11.15;Hamburg;Dortmund;3;1;H;7;21;2;7;0;1;0;0
D1;21.11.15;Ein Frankfurt;Leverkusen;1;3;A;9;17;1;11;2;1;0;0
D1;21.11.15;FC Koln;Mainz;0;0;D;14;7;3;1;1;1;0;0
D1;21.11.15;M'gladbach;Hannover;2;1;H;21;14;9;8;1;1;0;0
D1;21.11.15;Schalke 04;Bayern Munich;1;3;A;5;24;1;8;2;0;0;0
D1;21.11.15;Stuttgart;Augsburg;0;4;A;18;13;5;6;2;1;0;0
D1;21.11.15;Wolfsburg;Werder Bremen;6;0;H;21;9;12;2;0;2;0;0
D1;22.11.15;Hertha;Hoffenheim;1;0;H;1;7;0;0;2;1;0;0
D1;22.11.15;Ingolstadt;Darmstadt;3;1;H;16;8;6;2;2;3;0;0
D1;27.11.15;Darmstadt;FC Koln;0;0;D;9;12;1;2;2;1;0;0
D1;28.11.15;Bayern Munich;Hertha;2;0;H;24;4;9;1;0;3;0;0
D1;28.11.15;Hannover;Ingolstadt;4;0;H;8;11;4;5;3;3;0;0
D1;28.11.15;Hoffenheim;M'gladbach;3;3;D;18;16;6;8;2;1;0;0
D1;28.11.15;Mainz;Ein Frankfurt;2;1;H;14;15;8;5;4;2;0;1
D1;28.11.15;Werder Bremen;Hamburg;1;3;A;14;13;3;6;2;1;0;0
D1;29.11.15;Augsburg;Wolfsburg;0;0;D;13;17;4;3;3;2;0;1
D1;29.11.15;Dortmund;Stuttgart;4;1;H;14;8;9;3;1;0;0;0
D1;29.11.15;Leverkusen;Schalke 04;1;1;D;18;8;6;3;1;2;0;0
D1;04.12.15;Schalke 04;Hannover;3;1;H;26;7;8;1;1;1;0;0
D1;05.12.15;FC Koln;Augsburg;0;1;A;22;22;8;8;2;4;0;0
D1;05.12.15;Hamburg;Mainz;1;3;A;20;11;7;6;2;1;0;0
D1;05.12.15;Hertha;Leverkusen;2;1;H;10;8;4;2;1;3;0;1
D1;05.12.15;Ingolstadt;Hoffenheim;1;1;D;9;7;2;2;2;1;0;0
D1;05.12.15;M'gladbach;Bayern Munich;3;1;H;13;22;6;6;1;2;0;0
D1;05.12.15;Wolfsburg;Dortmund;1;2;A;22;14;8;6;3;2;0;0
D1;06.12.15;Ein Frankfurt;Darmstadt;0;1;A;15;19;3;4;4;3;0;0
D1;06.12.15;Stuttgart;Werder Bremen;1;1;D;12;7;4;2;2;2;0;0
D1;11.12.15;Mainz;Stuttgart;0;0;D;6;11;4;2;1;1;0;0
D1;12.12.15;Bayern Munich;Ingolstadt;2;0;H;14;9;8;4;2;1;0;0
D1;12.12.15;Darmstadt;Hertha;0;4;A;10;9;3;5;4;1;0;0
D1;12.12.15;Hoffenheim;Hannover;1;0;H;14;19;5;2;1;3;0;0
D1;12.12.15;Leverkusen;M'gladbach;5;0;H;14;6;6;2;0;2;0;0
D1;12.12.15;Werder Bremen;FC Koln;1;1;D;10;12;6;3;3;2;0;0
D1;12.12.15;Wolfsburg;Hamburg;1;1;D;19;5;9;4;1;4;0;0
D1;13.12.15;Augsburg;Schalke 04;2;1;H;22;15;6;5;2;1;0;0
D1;13.12.15;Dortmund;Ein Frankfurt;4;1;H;24;3;11;2;0;0;0;1
D1;18.12.15;Schalke 04;Hoffenheim;1;0;H;16;18;3;1;1;2;0;0
D1;19.12.15;Ein Frankfurt;Werder Bremen;2;1;H;16;11;6;4;3;5;0;0
D1;19.12.15;FC Koln;Dortmund;2;1;H;14;14;6;3;3;1;0;0
D1;19.12.15;Hamburg;Augsburg;0;1;A;14;17;2;7;0;2;0;0
D1;19.12.15;Hannover;Bayern Munich;0;1;A;6;20;1;11;0;0;0;0
D1;19.12.15;Ingolstadt;Leverkusen;0;1;A;11;9;3;2;2;3;0;0
D1;19.12.15;Stuttgart;Wolfsburg;3;1;H;9;17;6;7;1;1;1;0
D1;20.12.15;Hertha;Mainz;2;0;H;7;5;5;0;0;0;0;0
D1;20.12.15;M'gladbach;Darmstadt;3;2;H;13;15;5;6;1;4;1;0
D1;22.01.16;Hamburg;Bayern Munich;1;2;A;7;20;1;5;4;2;0;0
D1;23.01.16;FC Koln;Stuttgart;1;3;A;15;16;4;8;0;1;0;0
D1;23.01.16;Hannover;Darmstadt;1;2;A;13;13;5;5;2;5;0;0
D1;23.01.16;Hertha;Augsburg;0;0;D;12;11;2;5;2;3;0;0
D1;23.01.16;Hoffenheim;Leverkusen;1;1;D;5;17;3;8;2;2;0;0
D1;23.01.16;Ingolstadt;Mainz;1;0;H;9;7;4;4;2;2;0;0
D1;23.01.16;M'gladbach;Dortmund;1;3;A;10;12;3;4;1;1;0;0
D1;24.01.16;Ein Frankfurt;Wolfsburg;3;2;H;12;18;6;11;2;0;0;0
D1;24.01.16;Schalke 04;Werder Bremen;1;3;A;20;17;4;6;1;3;0;0
D1;29.01.16;Mainz;M'gladbach;1;0;H;13;12;2;7;0;2;0;0
D1;30.01.16;Augsburg;Ein Frankfurt;0;0;D;7;13;2;6;2;2;0;0
D1;30.01.16;Darmstadt;Schalke 04;0;2;A;6;11;2;7;3;2;0;0
D1;30.01.16;Dortmund;Ingolstadt;2;0;H;11;5;6;3;4;2;0;0
D1;30.01.16;Leverkusen;Hannover;3;0;H;14;7;6;2;0;3;0;0
D1;30.01.16;Stuttgart;Hamburg;2;1;H;24;13;11;5;1;3;0;0
D1;30.01.16;Werder Bremen;Hertha;3;3;D;16;12;6;4;3;3;0;0
D1;31.01.16;Bayern Munich;Hoffenheim;2;0;H;29;5;9;2;1;1;0;0
D1;31.01.16;Wolfsburg;FC Koln;1;1;D;17;11;4;4;3;1;0;0
D1;05.02.16;M'gladbach;Werder Bremen;5;1;H;17;15;9;4;1;2;0;0
D1;06.02.16;Ein Frankfurt;Stuttgart;2;4;A;17;16;7;9;1;1;1;1
D1;06.02.16;Hannover;Mainz;0;1;A;9;14;2;2;1;2;0;0
D1;06.02.16;Hertha;Dortmund;0;0;D;10;9;4;2;0;2;0;0
D1;06.02.16;Ingolstadt;Augsburg;2;1;H;24;7;4;2;2;3;0;0
D1;06.02.16;Leverkusen;Bayern Munich;0;0;D;6;9;2;1;0;0;0;1
D1;06.02.16;Schalke 04;Wolfsburg;3;0;H;15;14;3;2;2;3;0;0
D1;07.02.16;Hamburg;FC Koln;1;1;D;5;20;4;6;5;2;0;0
D1;07.02.16;Hoffenheim;Darmstadt;0;2;A;12;11;1;5;1;3;0;0
D1;12.02.16;Mainz;Schalke 04;2;1;H;11;14;4;3;3;1;0;0
D1;13.02.16;Darmstadt;Leverkusen;1;2;A;12;14;6;3;6;3;0;0
D1;13.02.16;Dortmund;Hannover;1;0;H;14;4;7;1;1;1;0;0
D1;13.02.16;FC Koln;Ein Frankfurt;3;1;H;11;14;7;4;2;6;0;0
D1;13.02.16;Stuttgart;Hertha;2;0;H;15;7;6;3;3;3;0;0
D1;13.02.16;Werder Bremen;Hoffenheim;1;1;D;17;11;10;4;1;3;0;1
D1;13.02.16;Wolfsburg;Ingolstadt;2;0;H;8;11;5;2;0;0;0;0
D1;14.02.16;Augsburg;Bayern Munich;1;3;A;7;24;2;10;0;1;0;0
D1;14.02.16;Hamburg;M'gladbach;3;2;H;17;10;9;4;3;1;0;0
D1;19.02.16;Ein Frankfurt;Hamburg;0;0;D;8;10;2;1;2;3;0;0
D1;20.02.16;Bayern Munich;Darmstadt;3;1;H;36;6;13;5;2;0;0;0
D1;20.02.16;Hertha;Wolfsburg;1;1;D;9;13;5;6;3;2;0;0
D1;20.02.16;Hoffenheim;Mainz;3;2;H;13;13;4;6;1;2;0;0
D1;20.02.16;Ingolstadt;Werder Bremen;2;0;H;9;12;4;2;2;2;0;0
D1;20.02.16;M'gladbach;FC Koln;1;0;H;16;12;5;6;2;3;0;0
D1;21.02.16;Hannover;Augsburg;0;1;A;16;11;6;6;2;2;0;0
D1;21.02.16;Leverkusen;Dortmund;0;1;A;9;7;2;2;5;1;0;0
D1;21.02.16;Schalke 04;Stuttgart;1;1;D;15;19;5;8;3;1;0;0
D1;26.02.16;FC Koln;Hertha;0;1;A;15;10;3;3;2;2;0;0
D1;27.02.16;Hamburg;Ingolstadt;1;1;D;7;12;2;3;3;5;0;0
D1;27.02.16;Stuttgart;Hannover;1;2;A;22;12;10;8;1;3;0;0
D1;27.02.16;Werder Bremen;Darmstadt;2;2;D;16;8;7;3;3;3;0;0
D1;27.02.16;Wolfsburg;Bayern Munich;0;2;A;12;14;8;4;0;1;0;0
D1;28.02.16;Augsburg;M'gladbach;2;2;D;24;10;4;7;0;0;0;0
D1;28.02.16;Dortmund;Hoffenheim;3;1;H;26;9;9;4;0;0;0;1
D1;28.02.16;Ein Frankfurt;Schalke 04;0;0;D;11;7;5;2;1;2;0;0
D1;28.02.16;Mainz;Leverkusen;3;1;H;14;12;7;4;1;1;0;0
D1;01.03.16;Hannover;Wolfsburg;0;4;A;6;23;2;11;2;1;0;0
D1;01.03.16;Ingolstadt;FC Koln;1;1;D;14;8;3;3;2;1;0;0
D1;02.03.16;Bayern Munich;Mainz;1;2;A;16;5;6;3;1;2;0;0
D1;02.03.16;Darmstadt;Dortmund;0;2;A;5;13;1;7;0;1;0;0
D1;02.03.16;Hertha;Ein Frankfurt;2;0;H;11;11;6;3;3;2;0;0
D1;02.03.16;Hoffenheim;Augsburg;2;1;H;14;14;7;3;2;4;0;0
D1;02.03.16;Leverkusen;Werder Bremen;1;4;A;16;11;6;4;1;1;0;0
D1;02.03.16;M'gladbach;Stuttgart;4;0;H;14;9;6;3;1;2;0;0
D1;02.03.16;Schalke 04;Hamburg;3;2;H;26;8;9;4;2;0;0;1
D1;05.03.16;Augsburg;Leverkusen;3;3;D;10;20;5;5;2;1;1;0
D1;05.03.16;Dortmund;Bayern Munich;0;0;D;11;17;3;4;1;1;0;0
D1;05.03.16;Ein Frankfurt;Ingolstadt;1;1;D;21;12;3;6;5;4;0;1
D1;05.03.16;FC Koln;Schalke 04;1;3;A;17;18;9;4;1;0;0;0
D1;05.03.16;Stuttgart;Hoffenheim;5;1;H;21;13;11;4;1;2;0;0
D1;05.03.16;Werder Bremen;Hannover;4;1;H;14;15;5;5;2;2;0;0
D1;05.03.16;Wolfsburg;M'gladbach;2;1;H;11;14;3;5;2;3;0;0
D1;06.03.16;Hamburg;Hertha;2;0;H;14;3;5;1;4;1;0;0
D1;06.03.16;Mainz;Darmstadt;0;0;D;11;15;4;3;0;5;1;0
D1;11.03.16;Hertha;Schalke 04;2;0;H;16;15;5;4;2;1;0;0
D1;12.03.16;Bayern Munich;Werder Bremen;5;0;H;20;2;13;1;1;3;0;0
D1;12.03.16;Darmstadt;Augsburg;2;2;D;11;16;6;5;2;1;0;0
D1;12.03.16;Hannover;FC Koln;0;2;A;17;12;2;5;1;1;0;0
D1;12.03.16;Hoffenheim;Wolfsburg;1;0;H;11;15;2;9;1;1;0;0
D1;12.03.16;Ingolstadt;Stuttgart;3;3;D;22;16;8;6;2;3;0;0
D1;12.03.16;M'gladbach;Ein Frankfurt;3;0;H;16;4;8;0;1;3;0;0
D1;13.03.16;Dortmund;Mainz;2;0;H;22;4;10;0;0;0;0;0
D1;13.03.16;Leverkusen;Hamburg;1;0;H;14;10;4;5;4;2;1;0
D1;18.03.16;Schalke 04;M'gladbach;2;1;H;6;22;3;8;1;0;0;0
D1;19.03.16;Ein Frankfurt;Hannover;1;0;H;11;8;5;3;1;3;0;0
D1;19.03.16;FC Koln;Bayern Munich;0;1;A;6;6;2;3;1;1;0;0
D1;19.03.16;Hamburg;Hoffenheim;1;3;A;24;14;11;9;3;1;0;0
D1;19.03.16;Hertha;Ingolstadt;2;1;H;7;9;2;2;2;3;0;0
D1;19.03.16;Werder Bremen;Mainz;1;1;D;11;10;3;2;2;2;0;0
D1;19.03.16;Wolfsburg;Darmstadt;1;1;D;20;11;5;1;1;1;0;0
D1;20.03.16;Augsburg;Dortmund;1;3;A;7;13;4;5;4;1;0;0
D1;20.03.16;Stuttgart;Leverkusen;0;2;A;14;15;5;9;3;3;0;0
D1;01.04.16;Leverkusen;Wolfsburg;3;0;H;12;10;5;5;0;4;0;0
D1;02.04.16;Bayern Munich;Ein Frankfurt;1;0;H;21;4;10;0;2;5;0;0
D1;02.04.16;Darmstadt;Stuttgart;2;2;D;15;9;6;3;4;1;0;0
D1;02.04.16;Dortmund;Werder Bremen;3;2;H;23;9;8;3;1;3;0;0
D1;02.04.16;Hannover;Hamburg;0;3;A;16;9;8;4;1;1;0;0
D1;02.04.16;Ingolstadt;Schalke 04;3;0;H;12;9;4;2;1;5;0;0
D1;02.04.16;Mainz;Augsburg;4;2;H;19;14;7;5;1;2;0;0
D1;03.04.16;Hoffenheim;FC Koln;1;1;D;15;9;5;1;2;1;0;0
D1;03.04.16;M'gladbach;Hertha;5;0;H;17;7;8;2;1;2;0;0
D1;08.04.16;Hertha;Hannover;2;2;D;13;11;8;3;3;4;0;0
D1;09.04.16;Ein Frankfurt;Hoffenheim;0;2;A;12;8;3;6;3;4;0;0
D1;09.04.16;Hamburg;Darmstadt;1;2;A;9;9;3;4;3;2;0;0
D1;09.04.16;Ingolstadt;M'gladbach;1;0;H;15;7;4;3;1;1;0;0
D1;09.04.16;Stuttgart;Bayern Munich;1;3;A;9;13;2;6;1;3;0;0
D1;09.04.16;Werder Bremen;Augsburg;1;2;A;17;4;4;3;2;5;0;0
D1;09.04.16;Wolfsburg;Mainz;1;1;D;16;17;3;9;2;2;1;0
D1;10.04.16;FC Koln;Leverkusen;0;2;A;18;12;9;6;1;2;1;1
D1;10.04.16;Schalke 04;Dortmund;2;2;D;10;16;2;5;5;3;0;0
D1;15.04.16;Hannover;M'gladbach;2;0;H;12;8;8;2;2;0;0;0
D1;16.04.16;Augsburg;Stuttgart;1;0;H;13;10;6;4;2;0;0;0
D1;16.04.16;Bayern Munich;Schalke 04;3;0;H;14;7;7;4;0;0;0;0
D1;16.04.16;Darmstadt;Ingolstadt;2;0;H;6;8;3;3;2;3;0;0
D1;16.04.16;Hoffenheim;Hertha;2;1;H;17;10;7;2;2;0;0;0
D1;16.04.16;Leverkusen;Ein Frankfurt;3;0;H;12;9;6;6;4;3;0;0
D1;16.04.16;Werder Bremen;Wolfsburg;3;2;H;21;8;9;3;1;5;0;0
D1;17.04.16;Dortmund;Hamburg;3;0;H;14;5;5;1;0;0;0;1
D1;17.04.16;Mainz;FC Koln;2;3;A;18;12;7;4;1;2;0;0
D1;22.04.16;Hamburg;Werder Bremen;2;1;H;12;21;7;10;3;4;0;0
D1;23.04.16;FC Koln;Darmstadt;4;1;H;15;15;9;2;2;2;0;0
D1;23.04.16;Hertha;Bayern Munich;0;2;A;9;6;0;6;0;4;0;0
D1;23.04.16;Ingolstadt;Hannover;2;2;D;8;14;3;4;2;2;1;0
D1;23.04.16;Schalke 04;Leverkusen;2;3;A;20;16;8;6;3;3;0;0
D1;23.04.16;Stuttgart;Dortmund;0;3;A;8;16;1;9;0;1;0;0
D1;23.04.16;Wolfsburg;Augsburg;0;2;A;19;8;7;4;0;2;0;0
D1;24.04.16;Ein Frankfurt;Mainz;2;1;H;8;7;4;4;4;4;0;0
D1;24.04.16;M'gladbach;Hoffenheim;3;1;H;24;14;11;8;1;2;0;0
D1;29.04.16;Augsburg;FC Koln;0;0;D;13;8;1;1;3;2;0;1
D1;30.04.16;Bayern Munich;M'gladbach;1;1;D;9;8;4;2;2;1;0;0
D1;30.04.16;Darmstadt;Ein Frankfurt;1;2;A;11;12;6;4;2;2;0;0
D1;30.04.16;Dortmund;Wolfsburg;5;1;H;20;6;10;4;2;0;0;0
D1;30.04.16;Hannover;Schalke 04;1;3;A;21;10;2;7;0;0;0;0
D1;30.04.16;Hoffenheim;Ingolstadt;2;1;H;10;16;6;8;3;4;0;0
D1;30.04.16;Leverkusen;Hertha;2;1;H;18;9;8;3;1;6;0;0
D1;30.04.16;Mainz;Hamburg;0;0;D;12;7;4;4;0;3;0;0
D1;02.05.16;Werder Bremen;Stuttgart;6;2;H;16;13;9;4;1;1;0;0
D1;07.05.16;Ein Frankfurt;Dortmund;1;0;H;6;13;4;2;5;3;0;0
D1;07.05.16;FC Koln;Werder Bremen;0;0;D;9;13;4;1;3;2;0;0
D1;07.05.16;Hamburg;Wolfsburg;0;1;A;5;11;0;6;0;0;0;0
D1;07.05.16;Hannover;Hoffenheim;1;0;H;15;15;4;4;3;2;0;0
D1;07.05.16;Hertha;Darmstadt;1;2;A;17;7;4;3;3;1;0;1
D1;07.05.16;Ingolstadt;Bayern Munich;1;2;A;16;12;4;6;2;3;0;0
D1;07.05.16;M'gladbach;Leverkusen;2;1;H;14;17;6;8;2;2;0;0
D1;07.05.16;Schalke 04;Augsburg;1;1;D;20;5;5;2;1;5;0;0
D1;07.05.16;Stuttgart;Mainz;1;3;A;8;19;3;11;3;2;0;0
D1;14.05.16;Augsburg;Hamburg;1;3;A;12;13;7;6;3;3;0;0
D1;14.05.16;Bayern Munich;Hannover;3;1;H;20;20;11;5;0;1;0;0
D1;14.05.16;Darmstadt;M'gladbach;0;2;A;9;21;0;3;3;0;0;0
D1;14.05.16;Dortmund;FC Koln;2;2;D;13;6;5;5;1;0;0;0
D1;14.05.16;Hoffenheim;Schalke 04;1;4;A;14;12;4;8;1;1;0;0
D1;14.05.16;Leverkusen;Ingolstadt;3;2;H;10;21;6;5;1;1;0;0
D1;14.05.16;Mainz;Hertha;0;0;D;7;11;3;5;3;3;0;1
D1;14.05.16;Werder Bremen;Ein Frankfurt;1;0;H;14;4;3;2;4;2;0;0
D1;14.05.16;Wolfsburg;Stuttgart;3;1;H;17;13;7;6;2;2;0;0