Div;Date;HomeTeam;AwayTeam;FTHG;FTAG;FTR;HS;AS;HST;AST;HY;AY;HR;AR
D1;09.08.13;Bayern Munich;M'gladbach;3;1;H;26;11;9;4;1;3;0;0
D1;10.08.13;Augsburg;Dortmund;0;4;A;11;13;4;9;2;0;0;0
D1;10.08.13;Braunschweig;Werder Bremen;0;1;A;13;12;3;4;1;0;0;0
D1;10.08.13;Hannover;Wolfsburg;2;0;H;20;15;8;4;4;0;0;2
D1;10.08.13;Hertha;Ein Frankfurt;6;1;H;16;10;9;4;0;2;0;0
D1;10.08.13;Hoffenheim;Nurnberg;2;2;D;23;12;8;5;1;4;0;0
D1;10.08.13;Leverkusen;Freiburg;3;1;H;18;8;6;3;2;2;0;0
D1;11.08.13;Mainz;Stuttgart;3;2;H;9;15;7;10;2;4;0;0
D1;11.08.13;Schalke 04;Hamburg;3;3;D;19;16;8;6;1;2;0;0
D1;17.08.13;Ein Frankfurt;Bayern Munich;0;1;A;9;15;3;7;1;1;0;0
D1;17.08.13;Freiburg;Mainz;1;2;A;9;12;3;8;0;3;0;0
D1;17.08.13;Hamburg;Hoffenheim;1;5;A;8;18;4;7;2;2;0;0
D1;17.08.13;M'gladbach;Hannover;3;0;H;17;16;8;4;1;4;0;0
D1;17.08.13;Stuttgart;Leverkusen;0;1;A;17;13;3;3;3;2;0;0
D1;17.08.13;Werder Bremen;Augsburg;1;0;H;5;20;2;4;3;4;0;0
D1;17.08.13;Wolfsburg;Schalke 04;4;0;H;20;6;8;2;0;2;0;0
D1;18.08.13;Dortmund;Braunschweig;2;1;H;24;8;6;3;0;1;0;0
D1;18.08.13;Nurnberg;Hertha;2;2;D;11;12;5;5;5;2;0;0
D1;23.08.13;Dortmund;Werder Bremen;1;0;H;32;7;8;1;0;0;0;0
D1;24.08.13;Bayern Munich;Nurnberg;2;0;H;26;5;9;1;3;1;0;0
D1;24.08.13;Hannover;Schalke 04;2;1;H;14;8;6;2;2;0;1;2
D1;24.08.13;Hertha;Hamburg;1;0;H;16;15;5;7;1;4;0;0
D1;24.08.13;Hoffenheim;Freiburg;3;3;D;13;11;5;6;1;3;1;3
D1;24.08.13;Leverkusen;M'gladbach;4;2;H;19;10;11;3;0;1;0;0
D1;24.08.13;Mainz;Wolfsburg;2;0;H;12;16;4;6;3;1;0;1
D1;25.08.13;Augsburg;Stuttgart;2;1;H;17;9;5;2;2;3;0;1
D1;25.08.13;Braunschweig;Ein Frankfurt;0;2;A;9;20;4;4;2;1;0;0
D1;27.08.13;Freiburg;Bayern Munich;1;1;D;8;17;3;8;2;1;0;0
D1;31.08.13;Hamburg;Braunschweig;4;0;H;26;17;13;5;1;4;0;0
D1;31.08.13;Hannover;Mainz;4;1;H;16;13;5;2;3;1;0;0
D1;31.08.13;M'gladbach;Werder Bremen;4;1;H;20;10;8;2;3;0;0;0
D1;31.08.13;Nurnberg;Augsburg;0;1;A;7;24;1;7;4;2;1;0
D1;31.08.13;Schalke 04;Leverkusen;2;0;H;12;11;3;1;0;3;0;0
D1;31.08.13;Wolfsburg;Hertha;2;0;H;18;8;6;4;1;2;0;0
D1;01.09.13;Ein Frankfurt;Dortmund;1;2;A;17;16;4;8;1;2;0;0
D1;01.09.13;Stuttgart;Hoffenheim;6;2;H;13;12;7;3;2;2;0;0
D1;13.09.13;Hertha;Stuttgart;0;1;A;19;8;8;5;1;1;0;0
D1;14.09.13;Augsburg;Freiburg;2;1;H;14;5;6;1;1;2;0;0
D1;14.09.13;Bayern Munich;Hannover;2;0;H;18;13;8;2;3;3;0;0
D1;14.09.13;Dortmund;Hamburg;6;2;H;32;4;14;2;0;4;0;0
D1;14.09.13;Leverkusen;Wolfsburg;3;1;H;14;14;7;5;2;2;0;1
D1;14.09.13;Mainz;Schalke 04;0;1;A;14;10;0;5;1;3;0;0
D1;14.09.13;Werder Bremen;Ein Frankfurt;0;3;A;12;14;4;6;2;0;1;0
D1;15.09.13;Braunschweig;Nurnberg;1;1;D;23;9;7;2;3;2;0;0
D1;15.09.13;Hoffenheim;M'gladbach;2;1;H;10;16;4;3;3;2;0;0
D1;20.09.13;M'gladbach;Braunschweig;4;1;H;13;12;7;3;1;2;0;1
D1;21.09.13;Hamburg;Werder Bremen;0;2;A;19;16;7;6;2;4;0;0
D1;21.09.13;Hannover;Augsburg;2;1;H;15;12;8;2;3;4;0;0
D1;21.09.13;Mainz;Leverkusen;1;4;A;14;13;2;5;1;1;0;0
D1;21.09.13;Nurnberg;Dortmund;1;1;D;10;18;3;6;1;2;0;0
D1;21.09.13;Schalke 04;Bayern Munich;0;4;A;10;14;1;5;1;0;0;0
D1;21.09.13;Wolfsburg;Hoffenheim;2;1;H;15;7;6;2;1;4;0;0
D1;22.09.13;Freiburg;Hertha;1;1;D;8;8;2;4;2;4;0;0
D1;22.09.13;Stuttgart;Ein Frankfurt;1;1;D;14;16;4;4;3;2;0;0
D1;27.09.13;Augsburg;M'gladbach;2;2;D;20;8;5;3;2;3;0;0
D1;28.09.13;Bayern Munich;Wolfsburg;1;0;H;11;4;4;2;2;1;0;0
D1;28.09.13;Dortmund;Freiburg;5;0;H;27;2;13;2;0;1;0;1
D1;28.09.13;Ein Frankfurt;Hamburg;2;2;D;9;11;5;3;2;1;0;0
D1;28.09.13;Hertha;Mainz;3;1;H;9;7;4;5;1;4;0;0
D1;28.09.13;Hoffenheim;Schalke 04;3;3;D;12;12;6;5;3;2;0;0
D1;28.09.13;Leverkusen;Hannover;2;0;H;19;8;8;2;0;0;0;0
D1;29.09.13;Braunschweig;Stuttgart;0;4;A;10;15;2;8;0;1;0;0
D1;29.09.13;Werder Bremen;Nurnberg;3;3;D;15;17;7;8;2;2;0;0
D1;04.10.13;Hannover;Hertha;1;1;D;14;10;5;2;3;3;0;0
D1;05.10.13;Leverkusen;Bayern Munich;1;1;D;5;27;3;11;1;1;0;0
D1;05.10.13;Mainz;Hoffenheim;2;2;D;17;14;8;5;2;2;0;0
D1;05.10.13;M'gladbach;Dortmund;2;0;H;6;27;3;8;2;2;0;1
D1;05.10.13;Schalke 04;Augsburg;4;1;H;13;10;6;3;1;3;0;1
D1;05.10.13;Stuttgart;Werder Bremen;1;1;D;20;7;6;2;1;2;0;0
D1;05.10.13;Wolfsburg;Braunschweig;0;2;A;17;7;3;3;2;3;0;0
D1;06.10.13;Freiburg;Ein Frankfurt;1;1;D;13;11;4;5;3;2;0;1
D1;06.10.13;Nurnberg;Hamburg;0;5;A;7;16;2;13;1;0;0;0
D1;18.10.13;Hoffenheim;Leverkusen;1;2;A;20;12;8;4;0;4;0;0
D1;19.10.13;Bayern Munich;Mainz;4;1;H;18;13;6;4;1;0;0;0
D1;19.10.13;Braunschweig;Schalke 04;2;3;A;14;14;4;6;0;1;0;0
D1;19.10.13;Dortmund;Hannover;1;0;H;18;10;8;5;1;3;0;0
D1;19.10.13;Ein Frankfurt;Nurnberg;1;1;D;15;10;3;4;2;3;0;0
D1;19.10.13;Hertha;M'gladbach;1;0;H;5;13;2;4;2;1;0;1
D1;19.10.13;Werder Bremen;Freiburg;0;0;D;18;11;4;2;1;2;0;0
D1;20.10.13;Augsburg;Wolfsburg;1;2;A;11;13;8;6;2;3;0;0
D1;20.10.13;Hamburg;Stuttgart;3;3;D;20;9;6;3;1;2;0;1
D1;25.10.13;Stuttgart;Nurnberg;1;1;D;10;7;4;6;2;1;0;0
D1;26.10.13;Bayern Munich;Hertha;3;2;H;13;10;5;5;3;4;0;0
D1;26.10.13;Hannover;Hoffenheim;1;4;A;11;10;3;5;3;2;2;0
D1;26.10.13;Leverkusen;Augsburg;2;1;H;24;11;7;1;1;3;0;0
D1;26.10.13;Mainz;Braunschweig;2;0;H;9;6;3;1;2;3;0;0
D1;26.10.13;Schalke 04;Dortmund;1;3;A;12;10;5;8;3;1;0;0
D1;26.10.13;Wolfsburg;Werder Bremen;3;0;H;19;8;12;2;1;2;0;0
D1;27.10.13;Freiburg;Hamburg;0;3;A;9;17;2;7;2;1;0;0
D1;27.10.13;M'gladbach;Ein Frankfurt;4;1;H;13;11;4;4;2;4;0;0
D1;01.11.13;Dortmund;Stuttgart;6;1;H;17;3;10;1;1;0;0;0
D1;02.11.13;Braunschweig;Leverkusen;1;0;H;17;16;7;8;2;2;0;1
D1;02.11.13;Ein Frankfurt;Wolfsburg;1;2;A;10;10;5;3;3;2;0;0
D1;02.11.13;Hamburg;M'gladbach;0;2;A;17;8;8;4;0;2;0;0
D1;02.11.13;Hertha;Schalke 04;0;2;A;18;11;9;5;3;1;0;0
D1;02.11.13;Hoffenheim;Bayern Munich;1;2;A;7;17;3;7;2;0;0;0
D1;02.11.13;Nurnberg;Freiburg;0;3;A;20;14;12;8;0;1;0;1
D1;03.11.13;Augsburg;Mainz;2;1;H;19;11;7;4;3;3;0;1
D1;03.11.13;Werder Bremen;Hannover;3;2;H;12;18;6;6;3;4;0;0
D1;08.11.13;Hannover;Braunschweig;0;0;D;19;8;6;1;1;1;0;0
D1;09.11.13;Bayern Munich;Augsburg;3;0;H;23;6;9;0;0;0;0;0
D1;09.11.13;Hoffenheim;Hertha;2;3;A;9;11;7;5;2;2;0;0
D1;09.11.13;Leverkusen;Hamburg;5;3;H;20;11;7;6;3;4;0;0
D1;09.11.13;M'gladbach;Nurnberg;3;1;H;12;19;4;3;2;2;0;0
D1;09.11.13;Schalke 04;Werder Bremen;3;1;H;17;9;6;3;2;4;0;0
D1;09.11.13;Wolfsburg;Dortmund;2;1;H;10;12;4;2;2;4;0;0
D1;10.11.13;Freiburg;Stuttgart;1;3;A;19;10;5;7;2;1;0;0
D1;10.11.13;Mainz;Ein Frankfurt;1;0;H;20;14;9;4;4;1;0;0
D1;22.11.13;Stuttgart;M'gladbach;0;2;A;9;19;2;11;0;2;0;0
D1;23.11.13;Augsburg;Hoffenheim;2;0;H;16;8;5;3;2;3;0;0
D1;23.11.13;Braunschweig;Freiburg;0;1;A;21;8;7;2;3;1;0;0
D1;23.11.13;Dortmund;Bayern Munich;0;3;A;7;10;4;5;2;3;0;0
D1;23.11.13;Ein Frankfurt;Schalke 04;3;3;D;15;13;8;9;4;0;0;0
D1;23.11.13;Hertha;Leverkusen;0;1;A;12;4;2;2;1;1;0;0
D1;23.11.13;Nurnberg;Wolfsburg;1;1;D;11;23;6;6;1;1;0;0
D1;24.11.13;Hamburg;Hannover;3;1;H;19;11;9;4;3;2;0;1
D1;24.11.13;Werder Bremen;Mainz;2;3;A;24;18;8;7;1;2;0;0
D1;29.11.13;Wolfsburg;Hamburg;1;1;D;20;17;4;8;4;1;0;0
D1;30.11.13;Bayern Munich;Braunschweig;2;0;H;18;8;8;3;0;0;0;0
D1;30.11.13;Hertha;Augsburg;0;0;D;9;2;2;0;1;1;0;0
D1;30.11.13;Hoffenheim;Werder Bremen;4;4;D;18;13;8;6;2;5;0;0
D1;30.11.13;Leverkusen;Nurnberg;3;0;H;17;16;7;5;1;3;0;0
D1;30.11.13;Mainz;Dortmund;1;3;A;12;16;6;6;1;0;1;0
D1;30.11.13;Schalke 04;Stuttgart;3;0;H;12;9;5;1;2;0;0;0
D1;01.12.13;Hannover;Ein Frankfurt;2;0;H;13;12;3;4;1;2;0;1
D1;01.12.13;M'gladbach;Freiburg;1;0;H;12;9;4;4;1;2;0;0
D1;06.12.13;Nurnberg;Mainz;1;1;D;16;12;5;4;1;2;0;1
D1;07.12.13;Dortmund;Leverkusen;0;1;A;13;7;5;4;1;4;1;1
D1;07.12.13;Ein Frankfurt;Hoffenheim;1;2;A;13;11;7;4;5;2;0;0
D1;07.12.13;Hamburg;Augsburg;0;1;A;8;16;5;6;2;1;0;0
D1;07.12.13;M'gladbach;Schalke 04;2;1;H;19;9;8;3;1;3;0;1
D1;07.12.13;Stuttgart;Hannover;4;2;H;13;14;8;4;1;2;0;0
D1;07.12.13;Werder Bremen;Bayern Munich;0;7;A;6;17;2;10;4;2;0;0
D1;08.12.13;Braunschweig;Hertha;0;2;A;13;16;2;6;2;4;1;0
D1;08.12.13;Freiburg;Wolfsburg;0;3;A;13;17;2;7;0;1;0;0
D1;13.12.13;Hertha;Werder Bremen;3;2;H;12;9;4;4;1;2;0;0
D1;14.12.13;Augsburg;Braunschweig;4;1;H;20;9;8;1;2;2;0;0
D1;14.12.13;Bayern Munich;Hamburg;3;1;H;22;13;8;6;0;2;0;0
D1;14.12.13;Hannover;Nurnberg;3;3;D;21;16;6;6;3;2;0;0
D1;14.12.13;Hoffenheim;Dortmund;2;2;D;14;16;4;8;2;3;0;0
D1;14.12.13;Mainz;M'gladbach;0;0;D;6;10;0;1;0;2;0;0
D1;14.12.13;Wolfsburg;Stuttgart;3;1;H;12;9;6;4;2;2;0;0
D1;15.12.13;Leverkusen;Ein Frankfurt;0;1;A;15;16;7;5;4;3;0;0
D1;15.12.13;Schalke 04;Freiburg;2;0;H;13;8;4;1;0;3;0;0
D1;20.12.13;Ein Frankfurt;Augsburg;1;1;D;5;9;5;3;3;2;0;0
D1;21.12.13;Braunschweig;Hoffenheim;1;0;H;14;16;8;3;1;2;1;0
D1;21.12.13;Dortmund;Hertha;1;2;A;20;6;5;4;2;3;0;0
D1;21.12.13;Freiburg;Hannover;2;1;H;11;20;3;6;1;2;0;0
D1;21.12.13;Hamburg;Mainz;2;3;A;18;13;8;7;1;1;1;0
D1;21.12.13;Nurnberg;Schalke 04;0;0;D;15;8;4;2;0;0;0;0
D1;21.12.13;Werder Bremen;Leverkusen;1;0;H;11;22;3;5;2;3;0;0
D1;22.12.13;M'gladbach;Wolfsburg;2;2;D;14;18;4;13;1;3;0;0
D1;24.01.14;M'gladbach;Bayern Munich;0;2;A;10;24;5;13;2;1;0;0
D1;25.01.14;Dortmund;Augsburg;2;2;D;18;6;4;1;2;2;0;0
D1;25.01.14;Ein Frankfurt;Hertha;1;0;H;5;7;1;2;2;3;0;0
D1;25.01.14;Freiburg;Leverkusen;3;2;H;13;15;5;8;2;1;0;0
D1;25.01.14;Nurnberg;Hoffenheim;4;0;H;16;12;7;3;1;3;0;0
D1;25.01.14;Stuttgart;Mainz;1;2;A;14;10;5;4;1;2;0;0
D1;25.01.14;Wolfsburg;Hannover;1;3;A;24;10;8;6;2;1;0;0
D1;26.01.14;Hamburg;Schalke 04;0;3;A;11;12;3;9;0;2;0;0
D1;26.01.14;Werder Bremen;Braunschweig;0;0;D;12;7;3;2;2;2;0;0
D1;29.01.14;Stuttgart;Bayern Munich;1;2;A;11;24;3;7;5;3;0;0
D1;31.01.14;Braunschweig;Dortmund;1;2;A;16;20;5;6;0;1;0;0
D1;01.02.14;Augsburg;Werder Bremen;3;1;H;20;4;5;0;1;3;0;1
D1;01.02.14;Hannover;M'gladbach;3;1;H;16;12;6;6;1;2;0;0
D1;01.02.14;Hoffenheim;Hamburg;3;0;H;14;7;7;0;0;1;0;0
D1;01.02.14;Leverkusen;Stuttgart;2;1;H;11;10;5;3;2;2;0;0
D1;01.02.14;Mainz;Freiburg;2;0;H;13;6;5;1;2;2;0;0
D1;01.02.14;Schalke 04;Wolfsburg;2;1;H;13;10;6;6;3;3;0;1
D1;02.02.14;Bayern Munich;Ein Frankfurt;5;0;H;25;9;14;3;0;0;0;0
D1;02.02.14;Hertha;Nurnberg;1;3;A;13;11;4;4;3;3;0;0
D1;07.02.14;M'gladbach;Leverkusen;0;1;A;14;12;3;3;2;4;0;0
D1;08.02.14;Ein Frankfurt;Braunschweig;3;0;H;19;10;7;1;2;1;0;0
D1;08.02.14;Freiburg;Hoffenheim;1;1;D;11;18;4;4;3;2;0;0
D1;08.02.14;Hamburg;Hertha;0;3;A;14;10;3;4;2;0;0;0
D1;08.02.14;Nurnberg;Bayern Munich;0;2;A;9;18;2;6;2;3;0;0
D1;08.02.14;Werder Bremen;Dortmund;1;5;A;11;15;5;8;2;2;0;0
D1;08.02.14;Wolfsburg;Mainz;3;0;H;17;8;7;2;2;2;0;0
D1;09.02.14;Schalke 04;Hannover;2;0;H;16;6;7;1;0;2;0;0
D1;09.02.14;Stuttgart;Augsburg;1;4;A;16;10;1;5;2;0;1;0
D1;14.02.14;Mainz;Hannover;2;0;H;19;14;8;3;1;3;0;0
D1;15.02.14;Bayern Munich;Freiburg;4;0;H;16;12;7;0;3;1;0;0
D1;15.02.14;Braunschweig;Hamburg;4;2;H;14;18;7;8;6;5;0;0
D1;15.02.14;Dortmund;Ein Frankfurt;4;0;H;21;7;11;1;1;3;0;0
D1;15.02.14;Hoffenheim;Stuttgart;4;1;H;13;13;8;4;3;4;0;1
D1;15.02.14;Leverkusen;Schalke 04;1;2;A;13;11;5;4;4;3;0;0
D1;15.02.14;Werder Bremen;M'gladbach;1;1;D;15;17;7;6;3;1;0;0
D1;16.02.14;Augsburg;Nurnberg;0;1;A;18;11;6;2;2;3;0;0
D1;16.02.14;Hertha;Wolfsburg;1;2;A;13;8;4;3;0;2;0;0
D1;21.02.14;Schalke 04;Mainz;0;0;D;16;15;4;8;1;2;0;0
D1;22.02.14;Freiburg;Augsburg;2;4;A;13;18;5;10;3;2;0;0
D1;22.02.14;Hamburg;Dortmund;3;0;H;13;15;6;4;2;2;0;0
D1;22.02.14;M'gladbach;Hoffenheim;2;2;D;13;19;9;7;0;1;0;0
D1;22.02.14;Nurnberg;Braunschweig;2;1;H;6;22;5;6;4;2;1;0
D1;22.02.14;Stuttgart;Hertha;1;2;A;14;9;6;4;0;1;0;1
D1;22.02.14;Wolfsburg;Leverkusen;3;1;H;9;18;5;6;1;4;0;0
D1;23.02.14;Ein Frankfurt;Werder Bremen;0;0;D;21;3;4;0;1;3;0;1
D1;23.02.14;Hannover;Bayern Munich;0;4;A;8;14;3;7;2;1;0;0
D1;28.02.14;Hertha;Freiburg;0;0;D;9;7;2;5;0;0;0;0
D1;01.03.14;Augsburg;Hannover;1;1;D;16;10;5;2;2;3;0;0
D1;01.03.14;Bayern Munich;Schalke 04;5;1;H;22;10;12;4;1;0;0;1
D1;01.03.14;Braunschweig;M'gladbach;1;1;D;20;12;3;4;1;3;0;0
D1;01.03.14;Dortmund;Nurnberg;3;0;H;28;4;9;2;0;2;0;0
D1;01.03.14;Leverkusen;Mainz;0;1;A;19;9;8;3;4;1;0;0
D1;01.03.14;Werder Bremen;Hamburg;1;0;H;15;11;7;4;2;2;0;0
D1;02.03.14;Ein Frankfurt;Stuttgart;2;1;H;13;13;6;4;1;1;0;0
D1;02.03.14;Hoffenheim;Wolfsburg;6;2;H;17;6;12;5;0;2;0;1
D1;08.03.14;Hamburg;Ein Frankfurt;1;1;D;15;7;9;2;3;3;0;0
D1;08.03.14;Hannover;Leverkusen;1;1;D;19;9;7;1;1;1;0;0
D1;08.03.14;M'gladbach;Augsburg;1;2;A;15;19;8;4;0;0;0;0
D1;08.03.14;Nurnberg;Werder Bremen;0;2;A;15;12;4;5;3;4;0;0
D1;08.03.14;Schalke 04;Hoffenheim;4;0;H;24;10;9;2;3;3;0;0
D1;08.03.14;Stuttgart;Braunschweig;2;2;D;14;11;4;3;2;3;0;0
D1;08.03.14;Wolfsburg;Bayern Munich;1;6;A;12;18;3;12;1;0;0;0
D1;09.03.14;Freiburg;Dortmund;0;1;A;10;12;0;4;1;2;0;0
D1;09.03.14;Mainz;Hertha;1;1;D;16;12;6;9;2;2;0;0
D1;14.03.14;Augsburg;Schalke 04;1;2;A;21;10;3;4;3;5;0;0
D1;15.03.14;Bayern Munich;Leverkusen;2;1;H;23;6;8;3;2;3;0;0
D1;15.03.14;Braunschweig;Wolfsburg;1;1;D;8;11;2;2;1;4;0;0
D1;15.03.14;Dortmund;M'gladbach;1;2;A;25;7;7;3;1;0;0;1
D1;15.03.14;Hertha;Hannover;0;3;A;16;7;5;3;1;2;0;0
D1;15.03.14;Hoffenheim;Mainz;2;4;A;22;11;12;7;1;1;0;0
D1;15.03.14;Werder Bremen;Stuttgart;1;1;D;10;16;3;3;2;3;0;0
D1;16.03.14;Ein Frankfurt;Freiburg;1;4;A;26;7;10;5;2;5;0;0
D1;16.03.14;Hamburg;Nurnberg;2;1;H;26;9;13;4;0;2;0;0
D1;21.03.14;Freiburg;Werder Bremen;3;1;H;14;7;3;3;1;2;0;0
D1;22.03.14;Hannover;Dortmund;0;3;A;9;15;3;5;1;1;0;0
D1;22.03.14;Mainz;Bayern Munich;0;2;A;4;23;1;8;1;0;0;0
D1;22.03.14;M'gladbach;Hertha;3;0;H;8;8;4;2;1;1;0;0
D1;22.03.14;Schalke 04;Braunschweig;3;1;H;32;11;11;4;1;3;0;0
D1;22.03.14;Stuttgart;Hamburg;1;0;H;12;6;3;1;1;0;0;1
D1;22.03.14;Wolfsburg;Augsburg;1;1;D;10;12;1;2;1;1;1;0
D1;23.03.14;Leverkusen;Hoffenheim;2;3;A;12;12;5;7;1;2;0;0
D1;23.03.14;Nurnberg;Ein Frankfurt;2;5;A;13;23;4;9;0;1;1;0
D1;25.03.14;Braunschweig;Mainz;3;1;H;14;12;3;5;2;1;0;0
D1;25.03.14;Dortmund;Schalke 04;0;0;D;18;8;6;4;2;2;0;0
D1;25.03.14;Hertha;Bayern Munich;1;3;A;4;13;2;6;1;0;0;0
D1;25.03.14;Werder Bremen;Wolfsburg;1;3;A;6;19;2;9;2;1;0;0
D1;26.03.14;Augsburg;Leverkusen;1;3;A;22;13;3;7;2;2;0;0
D1;26.03.14;Ein Frankfurt;M'gladbach;1;0;H;14;9;4;2;3;1;0;0
D1;26.03.14;Hamburg;Freiburg;1;1;D;21;11;5;4;1;2;0;0
D1;26.03.14;Hoffenheim;Hannover;3;1;H;20;8;8;1;1;1;0;1
D1;26.03.14;Nurnberg;Stuttgart;2;0;H;11;13;5;5;1;1;0;0
D1;28.03.14;Schalke 04;Hertha;2;0;H;13;11;4;1;1;1;0;0
D1;29.03.14;Bayern Munich;Hoffenheim;3;3;D;11;20;6;9;1;2;0;0
D1;29.03.14;Freiburg;Nurnberg;3;2;H;14;9;7;2;2;3;0;1
D1;29.03.14;Leverkusen;Braunschweig;1;1;D;15;9;4;2;2;1;0;0
D1;29.03.14;Mainz;Augsburg;3;0;H;14;12;7;4;1;2;0;0
D1;29.03.14;Stuttgart;Dortmund;2;3;A;11;17;3;5;0;2;1;0
D1;29.03.14;Wolfsburg;Ein Frankfurt;2;1;H;22;11;9;4;2;4;0;0
D1;30.03.14;Hannover;Werder Bremen;1;2;A;9;11;4;8;1;1;0;0
D1;30.03.14;M'gladbach;Hamburg;3;1;H;17;17;9;7;0;1;0;0
D1;04.04.14;Hamburg;Leverkusen;2;1;H;18;19;5;8;1;1;0;0
D1;05.04.14;Augsburg;Bayern Munich;1;0;H;11;16;7;2;3;2;0;0
D1;05.04.14;Dortmund;Wolfsburg;2;1;H;10;19;5;3;2;1;0;0
D1;05.04.14;Ein Frankfurt;Mainz;2;0;H;14;17;7;5;3;4;0;0
D1;05.04.14;Nurnberg;M'gladbach;0;2;A;14;15;3;6;1;2;0;0
D1;05.04.14;Stuttgart;Freiburg;2;0;H;12;18;5;8;2;1;0;0
D1;05.04.14;Werder Bremen;Schalke 04;1;1;D;19;9;5;5;1;2;0;0
D1;06.04.14;Braunschweig;Hannover;3;0;H;11;11;3;2;2;2;0;1
D1;06.04.14;Hertha;Hoffenheim;1;1;D;11;11;5;3;1;2;0;0
D1;11.04.14;Schalke 04;Ein Frankfurt;2;0;H;22;10;8;3;1;0;0;0
D1;12.04.14;Bayern Munich;Dortmund;0;3;A;14;9;3;6;2;2;1;0
D1;12.04.14;Freiburg;Braunschweig;2;0;H;18;13;8;4;2;4;0;0
D1;12.04.14;Hannover;Hamburg;2;1;H;31;5;15;3;0;1;0;0
D1;12.04.14;Mainz;Werder Bremen;3;0;H;23;9;5;2;0;4;0;0
D1;12.04.14;M'gladbach;Stuttgart;1;1;D;14;17;4;4;1;3;0;0
D1;12.04.14;Wolfsburg;Nurnberg;4;1;H;24;5;8;1;0;2;0;0
D1;13.04.14;Hoffenheim;Augsburg;2;0;H;26;23;9;8;1;1;0;0
D1;13.04.14;Leverkusen;Hertha;2;1;H;17;9;4;2;1;1;0;0
D1;17.04.14;Ein Frankfurt;Hannover;2;3;A;14;16;6;7;4;4;0;0
D1;19.04.14;Augsburg;Hertha;0;0;D;10;13;0;4;1;3;0;0
D1;19.04.14;Braunschweig;Bayern Munich;0;2;A;7;12;1;3;2;1;0;0
D1;19.04.14;Dortmund;Mainz;4;2;H;30;9;11;2;1;1;0;1
D1;19.04.14;Freiburg;M'gladbach;4;2;H;15;14;7;4;2;1;0;1
D1;19.04.14;Hamburg;Wolfsburg;1;3;A;14;16;3;7;1;0;0;1
D1;19.04.14;Werder Bremen;Hoffenheim;3;1;H;12;14;7;3;1;3;0;0
D1;20.04.14;Nurnberg;Leverkusen;1;4;A;9;15;6;7;1;1;0;0
D1;20.04.14;Stuttgart;Schalke 04;3;1;H;12;14;4;3;2;3;0;0
D1;25.04.14;Hannover;Stuttgart;0;0;D;9;6;2;3;2;2;0;0
D1;26.04.14;Bayern Munich;Werder Bremen;5;2;H;23;7;11;3;1;1;0;0
D1;26.04.14;Hertha;Braunschweig;2;0;H;20;7;11;1;0;0;0;0
D1;26.04.14;Hoffenheim;Ein Frankfurt;0;0;D;18;8;5;3;0;4;1;0
D1;26.04.14;Leverkusen;Dortmund;2;2;D;16;14;5;6;1;1;0;0
D1;26.04.14;Mainz;Nurnberg;2;0;H;18;13;5;1;0;2;0;0
D1;26.04.14;Wolfsburg;Freiburg;2;2;D;23;13;7;7;2;2;0;0
D1;27.04.14;Augsburg;Hamburg;3;1;H;15;19;5;5;1;2;0;0
D1;27.04.14;Schalke 04;M'gladbach;0;1;A;17;12;6;6;2;0;0;0
D1;03.05.14;Braunschweig;Augsburg;0;1;A;17;24;6;10;2;2;0;0
D1;03.05.14;Dortmund;Hoffenheim;3;2;H;16;12;10;4;0;1;0;0
D1;03.05.14;Ein Frankfurt;Leverkusen;0;2;A;6;21;2;5;2;1;0;0
D1;03.05.14;Freiburg;Schalke 04;0;2;A;10;26;1;6;2;2;0;1
D1;03.05.14;Hamburg;Bayern Munich;1;4;A;10;18;5;8;1;1;0;1
D1;03.05.14;M'gladbach;Mainz;3;1;H;7;18;4;4;0;0;0;0
D1;03.05.14;Nurnberg;Hannover;0;2;A;15;14;8;7;3;1;0;0
D1;03.05.14;Stuttgart;Wolfsburg;1;2;A;6;13;2;6;1;1;0;0
D1;03.05.14;Werder Bremen;Hertha;2;0;H;12;11;4;4;3;1;0;0
D1;10.05.14;Augsburg;Ein Frankfurt;2;1;H;17;7;7;2;0;2;0;0
D1;10.05.14;Bayern Munich;Stuttgart;1;0;H;24;8;6;2;2;2;0;0
D1;10.05.14;Hannover;Freiburg;3;2;H;19;12;9;7;1;2;0;0
D1;10.05.14;Hertha;Dortmund;0;4;A;10;13;5;7;2;0;0;0
D1;10.05.14;Hoffenheim;Braunschweig;3;1;H;16;6;8;2;3;0;0;0
D1;10.05.14;Leverkusen;Werder Bremen;2;1;H;14;8;6;2;2;0;0;0
D1;10.05.14;Mainz;Hamburg;3;2;H;13;20;6;7;0;0;0;0
D1;10.05.14;Schalke 04;Nurnberg;4;1;H;22;11;11;4;0;5;0;0
D1;10.05.14;Wolfsburg;M'gladbach;3;1;H;19;13;10;3;2;4;0;0